<?xml version="1.0" encoding="UTF-8"?>
<beans xmlns="http://www.springframework.org/schema/beans"
	xmlns:xsi="http://www.w3.org/2001/XMLSchema-instance" xmlns:context="http://www.springframework.org/schema/context"
	xmlns:tx="http://www.springframework.org/schema/tx"
	xmlns:mvc="http://www.springframework.org/schema/mvc"
	xsi:schemaLocation="http://www.springframework.org/schema/beans
						http://www.springframework.org/schema/beans/spring-beans-3.0.xsd
						http://www.springframework.org/schema/context
						http://www.springframework.org/schema/context/spring-context-3.0.xsd
						http://www.springframework.org/schema/tx
						http://www.springframework.org/schema/tx/spring-tx-3.0.xsd
						http://www.springframework.org/schema/mvc
      					http://www.springframework.org/schema/mvc/spring-mvc-3.0.xsd">

	<context:property-placeholder location="classpath:resources/database.properties" />
	<context:component-scan base-package="com.noticeboard" />

	<mvc:annotation-driven />
	<tx:annotation-driven transaction-manager="hibernateTransactionManager" />

	<bean id="jspViewResolver"
		class="org.springframework.web.servlet.view.InternalResourceViewResolver">
		<property name="viewClass"
			value="org.springframework.web.servlet.view.JstlView" />
		<property name="prefix" value="/views/" />
		<property name="suffix" value=".jsp" />
	</bean>
	<!-- Hibernate session factory -->
	<bean id="sessionFactory"
		class="org.springframework.orm.hibernate3.annotation.AnnotationSessionFactoryBean">
		<property name="configLocation">
			<value>classpath:resources/hibernate.cfg.xml</value>
		</property>
		<property name="configurationClass">
			<value>org.hibernate.cfg.AnnotationConfiguration</value>
		</property>
	</bean>
	<bean id="hibernateTransactionManager"
		class="org.springframework.orm.hibernate3.HibernateTransactionManager">
		<property name="sessionFactory" ref="sessionFactory" />
	</bean>
	

</beans>
